"","time_mya","t_mean","t_median","t_sd","t_min","t_max","p_mean","p_median","p_sd","area_arid","area_non_arid","prop_arid","n_grid_cell"
"1",0,22.6179518780983,23.0004596710205,4.50270688848705,8.0213737487793,29.1093978881836,2.72693991807224,2.00773441791534,2.30295542161971,938,0,1,938
"2",0.1,22.7384910075141,23.1340303421021,4.48336013094475,8.23351287841797,29.1807079315186,2.72693991807224,2.00773441791534,2.30295542161971,938,0,1,938
"3",0.2,22.8590301958991,23.276909828186,4.46454873568012,8.44565105438232,29.2520179748535,2.72693991807224,2.00773441791534,2.30295542161971,938,0,1,938
"4",0.3,22.979569367,23.394905090332,4.44627942736749,8.65778923034668,29.3251800537109,2.72693991807224,2.00773441791534,2.30295542161971,938,0,1,938
"5",0.4,23.1001085472514,23.5598745346069,4.42855899634122,8.86992740631104,29.4170722961426,2.72693991807224,2.00773441791534,2.30295542161971,938,0,1,938
"6",0.5,23.2206477112353,23.6685075759888,4.41139402185858,9.08206558227539,29.5089664459229,2.72693991807224,2.00773441791534,2.30295542161971,938,0,1,938
"7",0.6,23.3411868986036,23.7771406173706,4.39479102503714,9.29420471191406,29.6008605957031,2.72693991807224,2.00773441791534,2.30295542161971,938,0,1,938
"8",0.7,23.4617261012226,23.8971042633057,4.37875636527223,9.50634288787842,29.6927547454834,2.72693991807224,2.00773441791534,2.30295542161971,938,0,1,938
"9",0.8,23.5822652591063,24.0303602218628,4.36329631039162,9.71848106384277,29.7846488952637,2.72693991807224,2.00773441791534,2.30295542161971,938,0,1,938
"10",0.9,23.7028044047895,24.1649303436279,4.34841703189162,9.93061923980713,29.8765411376953,2.72693991807224,2.00773441791534,2.30295542161971,938,0,1,938
"11",1,23.8233435891076,24.293402671814,4.3341244713889,10.1427574157715,29.9684352874756,2.72693991807224,2.00773441791534,2.30295542161971,938,0,1,938
"12",1.1,23.9033093778496,24.325288772583,4.33699188667524,10.3548965454102,29.8938083648682,2.70658793886248,2.00043964385986,2.26715656362384,936,0,1,936
"13",1.2,24.0086902610222,24.3851013183594,4.32626331187262,10.5670347213745,29.9651184082031,2.69135171501166,1.99367290735245,2.25724909622913,932,0,1,932
"14",1.3,24.0980652696343,24.4206237792969,4.32501585682691,10.7791728973389,30.0364284515381,2.6788901982128,1.98180288076401,2.24443918091783,930,0,1,930
"15",1.4,24.1783457897252,24.5491991043091,4.32337466018227,10.9913110733032,30.1077365875244,2.66641308482369,1.97839552164078,2.23077622548582,932,0,1,932
"16",1.5,24.2771251288793,24.6119813919067,4.32005501161626,11.2034492492676,30.1790466308594,2.64877273498043,1.96708285808563,2.20158801829251,930,0,1,930
"17",1.6,24.3752263547527,24.707311630249,4.31974420793806,11.4155883789062,30.2503566741943,2.64917980728293,1.96139931678772,2.2061547390874,931,0,1,931
"18",1.7,24.4676407588425,24.788535118103,4.31711468822862,11.6277265548706,30.450719833374,2.6413012566105,1.9582913517952,2.19529761116577,930,0,1,930
"19",1.8,24.5529592110991,24.8766403198242,4.33714812840463,11.839864730835,30.6767997741699,2.63497620203961,1.96139931678772,2.18411315583281,937,0,1,937
"20",1.9,24.5982427178857,24.945255279541,4.3453698714358,12.0520029067993,30.907341003418,2.60704601180745,1.93924129009247,2.14842810882141,935,0,1,935
"21",2,24.6812024025012,25.0292072296143,4.35519176998396,12.2641410827637,31.137882232666,2.60353117113683,1.93830400705338,2.13361221731155,938,0,1,938
"22",2.1,24.7564657115733,25.0534410476685,4.35973086173601,12.4762802124023,31.3684234619141,2.63355147056996,1.96896189451218,2.11802543984501,938,0,1,938
"23",2.2,24.8579543961982,25.1454753875732,4.35655314977542,12.6884183883667,31.5989665985107,2.66449503114449,1.99061489105225,2.0921157493395,941,0,1,941
"24",2.3,24.9682044383051,25.2433795928955,4.33238535811696,12.9005565643311,31.8295078277588,2.69042210150629,2.02352333068848,2.07251691059881,938,0,1,938
"25",2.4,25.0433963347246,25.3011207580566,4.33281596420443,13.1126947402954,32.0600509643555,2.69887652167662,2.05662941932678,2.02520590098437,935,0,1,935
"26",2.5,25.1376274506676,25.3869819641113,4.33085725851618,13.3248329162598,32.2905921936035,2.73049489788831,2.08053660392761,2.01423687894812,935,0,1,935
"27",2.6,25.2516395701444,25.4680786132812,4.32519870177352,13.5369710922241,32.5211334228516,2.75818977406956,2.12305212020874,1.99868725764256,935,0,1,935
"28",2.7,25.3510168081694,25.562780380249,4.31946497866139,13.7491102218628,32.7516746520996,2.77917606219857,2.15535426139832,1.97007896814132,933,0,1,933
"29",2.8,25.4094096513895,25.5825834274292,4.33461286323607,13.9612483978271,32.9822158813477,2.78653352280967,2.19620025157928,1.94314807356364,936,0,1,936
"30",2.9,25.5156638884927,25.6796493530273,4.33970670899819,14.1733865737915,33.2127571105957,2.81866682181384,2.2225706577301,1.94716912872465,935,0,1,935
"31",3,25.6152112917931,25.7734994888306,4.33311706024043,14.4717626571655,33.4432983398438,2.84889983384206,2.24851059913635,1.95226378934322,934,0,1,934
"32",3.1,25.7023212299552,25.819130897522,4.33116342252941,14.6201763153076,33.6738395690918,2.83010745721479,2.24172985553741,1.93419873485797,930,0,1,930
"33",3.2,25.7936378971685,25.8860721588135,4.33938569588554,14.768590927124,33.9043846130371,2.82251581067313,2.22873997688293,1.93458637748476,933,0,1,933
"34",3.3,25.8688354829139,25.9566459655762,4.35608151061172,14.9170045852661,34.1349258422852,2.81466135765552,2.22805035114288,1.92821647470272,934,0,1,934
"35",3.4,25.9449509646166,26.0012435913086,4.36025353382757,15.0654182434082,34.2367057800293,2.8041394813813,2.22693705558777,1.91955363677095,935,0,1,935
"36",3.5,26.0453237309175,26.0605163574219,4.35554069677284,15.2138319015503,34.4740447998047,2.78833183024656,2.22287750244141,1.90454095959569,935,0,1,935
"37",3.6,26.1368146319675,26.1554336547852,4.37474276657176,14.736252784729,34.7113876342773,2.79158099320454,2.22446548938751,1.9074752416059,936,0,1,936
"38",3.7,26.2067247914092,26.1951942443848,4.38799663886021,14.8694534301758,34.94873046875,2.77705644890426,2.21575045585632,1.90582816482887,933,0,1,933
"39",3.8,26.3072625858898,26.2921943664551,4.39736364260712,15.0026540756226,35.1860733032227,2.77495247890605,2.2142219543457,1.9154007840171,935,0,1,935
"40",3.9,26.3750918699436,26.3461570739746,4.38629538027581,15.1358547210693,35.4234161376953,2.74548887944273,2.19570016860962,1.88787703579308,932,0,1,932
"41",4,26.4583585185057,26.4377765655518,4.37776312733359,15.2690553665161,35.660758972168,2.71369138385771,2.17167258262634,1.85088271445915,926,0,1,926
"42",4.1,26.5605936153293,26.5137367248535,4.38933842389929,15.4022550582886,35.8981018066406,2.7137869201689,2.16370964050293,1.84875809579624,927,0,1,927
"43",4.2,26.6473874286939,26.54567527771,4.40557943402558,15.5354557037354,36.1354446411133,2.70573780991698,2.16340792179108,1.83923542598649,930,0,1,930
"44",4.3,26.7138658167848,26.6348285675049,4.40138034250477,15.6686563491821,36.3727874755859,2.69255013902854,2.15731287002563,1.8256929539162,933,0,1,933
"45",4.4,26.8151488806612,26.6830062866211,4.39349797739062,15.8018569946289,36.5490875244141,2.68318329177877,2.15545928478241,1.81758918684665,930,0,1,930
"46",4.5,26.9153956311858,26.7977676391602,4.39869680951082,15.9350576400757,36.7932624816895,2.68062134063077,2.15310573577881,1.81390242107247,931,0,1,931
"47",4.6,26.9928695776943,26.8847951889038,4.402062709176,16.0682582855225,37.0374374389648,2.6596365828115,2.1469247341156,1.78743917551612,932,0,1,932
"48",4.7,27.093605765476,26.9779396057129,4.41189506670706,16.2014598846436,37.2816162109375,2.65855702264335,2.14388573169708,1.7892539175574,930,0,1,930
"49",4.8,27.1548967453248,27.0005130767822,4.45143877994453,16.2834720611572,37.5257911682129,2.65575817542918,2.14086961746216,1.78759233013701,935,0,1,935
"50",4.9,27.2130546204198,27.0722522735596,4.47807219085697,16.4318180084229,37.7699661254883,2.64608295244404,2.1344301700592,1.7837085192579,939,0,1,939
"51",5,27.2549511319977,27.1525373458862,4.51301518866042,15.5618944168091,38.0141448974609,2.6339492995905,2.12281787395477,1.77425445115797,948,0,1,948
"52",5.1,27.1991137283876,27.1076679229736,4.4976963446236,15.5814952850342,38.0097579956055,2.60850450725566,2.11520159244537,1.73993875771261,942,0,1,942
"53",5.2,27.1468683861672,27.0699253082275,4.46844831083978,15.6010961532593,38.00537109375,2.59293059713029,2.11025309562683,1.72433793994469,940,0,1,940
"54",5.3,27.1079969680933,27.0419578552246,4.45975551465773,15.6206970214844,38.0009880065918,2.57871740204039,2.10440754890442,1.71474696729713,937,0,1,937
"55",5.4,27.062218358045,26.9719581604004,4.43043569567686,15.6402978897095,37.7187080383301,2.57319766977892,2.09650301933289,1.71518728473379,935,0,1,935
"56",5.5,26.9850649838779,26.9542407989502,4.42445184214712,15.6598997116089,37.7181205749512,2.56523777915832,2.09451866149902,1.70648378325518,935,0,1,935
"57",5.6,26.9453720700028,26.8799352645874,4.41623356768775,15.679500579834,37.7175369262695,2.55292435703624,2.09431838989258,1.6828578874058,936,0,1,936
"58",5.7,26.9084788941322,26.8494634628296,4.42449376553814,15.6991014480591,37.7169494628906,2.55386037509492,2.09431838989258,1.68213616797573,940,0,1,940
"59",5.8,26.8754246364111,26.828914642334,4.42433674338876,15.7187023162842,37.7163619995117,2.55269695582476,2.09411811828613,1.68223932913828,941,0,1,941
"60",5.9,26.8485872806387,26.8052883148193,4.40890697086469,15.7383031845093,37.7157783508301,2.5440458184227,2.0923593044281,1.67680294522821,940,0,1,940
"61",6,26.7753743791276,26.7478914260864,4.4165176052074,15.7579040527344,37.7151908874512,2.53419505708283,2.08704793453217,1.67300987931249,942,0,1,942
"62",6.1,26.6945215471264,26.7043313980103,4.40917249639378,15.7775049209595,37.7146072387695,2.51131960203144,2.08158779144287,1.64530175101134,938,0,1,938
"63",6.2,26.6291356588398,26.6590938568115,4.42077195666134,15.7971057891846,37.7140197753906,2.5079047058518,2.07954072952271,1.63037303819146,941,0,1,941
"64",6.3,26.5832074821059,26.6414947509766,4.39640570785562,15.816707611084,37.7134323120117,2.50007806339882,2.0778329372406,1.62210087773042,941,0,1,941
"65",6.4,26.5120535942947,26.5961589813232,4.38840878479078,15.8363084793091,37.7128486633301,2.49495928502057,2.07763910293579,1.61740683750205,939,0,1,939
"66",6.5,26.441696991819,26.5194311141968,4.38729487094231,15.3169946670532,37.7122611999512,2.48713184994586,2.07652962207794,1.60745717379246,940,0,1,940
"67",6.6,26.3884300948451,26.4647102355957,4.35929212651114,15.339451789856,37.1442832946777,2.48586936917885,2.07474088668823,1.6107801259315,945,0,1,945
"68",6.7,26.3101664323073,26.3918590545654,4.37759937620016,15.2427377700806,37.122859954834,2.48276843838747,2.07474088668823,1.60430837301105,949,0,1,949
"69",6.8,26.2445688267695,26.3104972839355,4.38184560787241,15.2838621139526,37.1131057739258,2.47954951265801,2.07474088668823,1.60123829577196,953,0,1,953
"70",6.9,26.2228722637509,26.2953071594238,4.37186375041531,15.3249864578247,37.1033515930176,2.47510027120793,2.07411432266235,1.59518704578746,951,0,1,951
"71",7,26.1484020016774,26.2493181228638,4.36975308467633,15.3661108016968,37.0935974121094,2.4577918366349,2.07096350193024,1.56544709912977,952,0,1,952
"72",7.1,26.102045217482,26.2180624008179,4.36220042205754,15.4072351455688,37.0838432312012,2.4455449750193,2.02822124958038,1.5815949884778,952,0,1,952
"73",7.2,26.0571669688978,26.1963930130005,4.35650227667502,15.4483594894409,37.074089050293,2.43623249606082,2.00904941558838,1.60553077231485,950,0,1,950
"74",7.3,26.0328135284841,26.1672229766846,4.34902645627774,15.489483833313,37.0643348693848,2.43131181857814,1.99245178699493,1.63316352956181,951,0,1,951
"75",7.4,25.9621590443661,26.1004829406738,4.34021346883888,15.5191164016724,37.0545806884766,2.41552529171893,1.97420972585678,1.65058681626328,950,0,1,950
"76",7.5,25.9142047674847,26.0646953582764,4.31984124140345,15.5415744781494,37.0448265075684,2.40534837770311,1.93796682357788,1.67419411839159,948,0,1,948
"77",7.6,25.8648305466856,26.0165119171143,4.30986995856759,15.5640325546265,37.0350723266602,2.39072205658582,1.89592337608337,1.70445441764935,949,0,1,949
"78",7.7,25.828094413082,25.9769611358643,4.3024939799278,15.5864906311035,37.025318145752,2.3775705308884,1.85947942733765,1.73072701406944,949,0,1,949
"79",7.8,25.753371110078,25.8966178894043,4.28372607819875,15.2305994033813,36.253360748291,2.35130593340816,1.8225325345993,1.73303263259787,949,0,1,949
"80",7.9,25.6602801526867,25.7933654785156,4.29836255810617,15.0918617248535,36.2342071533203,2.32365612313932,1.78132164478302,1.7368275398001,954,0,1,954
"81",8,25.5930305467035,25.7562770843506,4.32481785430113,15.1061201095581,36.2150573730469,2.30966511415366,1.73468828201294,1.75231230511744,959,0,1,959
"82",8.1,25.5697627755887,25.7441520690918,4.31748951291975,15.1203775405884,36.1959037780762,2.30682888982436,1.73381024599075,1.74994279603716,956,0,1,956
"83",8.2,25.5513731850961,25.724723815918,4.31346495299091,15.134635925293,36.1767539978027,2.29821235532552,1.73475879430771,1.72773378801911,958,0,1,958
"84",8.3,25.5275120076774,25.7198143005371,4.30263465460132,15.1488933563232,36.157600402832,2.29593931163455,1.73381024599075,1.72970011274984,956,0,1,956
"85",8.4,25.479307129839,25.6741733551025,4.29919837658084,15.1631517410278,36.1384506225586,2.29264425577415,1.73468828201294,1.72485315002371,957,0,1,957
"86",8.5,25.4445932352431,25.65354347229,4.28652061735363,15.1774091720581,36.1192970275879,2.28741277839946,1.73468828201294,1.70730715026828,957,0,1,957
"87",8.6,25.3972429485221,25.6148624420166,4.26974336324411,15.1916675567627,36.1001472473145,2.2641429170264,1.73226726055145,1.65976287763632,955,0,1,955
"88",8.7,25.3589229723692,25.566294670105,4.28611881602789,15.205924987793,37.0106239318848,2.26324750698587,1.73184883594513,1.66331252913303,954,0,1,954
"89",8.8,25.2937993162702,25.4929790496826,4.2650705231334,15.2201824188232,37.0082817077637,2.24997648743743,1.73143041133881,1.6397784908148,953,0,1,953
"90",8.9,25.2732069185267,25.4596576690674,4.26789381668177,15.2344408035278,37.0059394836426,2.25350727129981,1.73226726055145,1.64013467447847,955,0,1,955
"91",9,25.2045479586525,25.3597278594971,4.27971816103765,15.2486982345581,37.0035972595215,2.24673532787031,1.73293220996857,1.63241074991895,959,0,1,959
"92",9.1,25.1209456129213,25.261923789978,4.25662063343022,15.2629566192627,37.0012550354004,2.22332513021278,1.72968548536301,1.5956402261554,958,0,1,958
"93",9.2,25.0540367100663,25.1778621673584,4.26670993345166,15.277214050293,36.9989128112793,2.21776065146638,1.72970521450043,1.57647233772234,961,0,1,961
"94",9.3,25.0272857707782,25.1420211791992,4.25252703046239,15.2914724349976,36.9965705871582,2.21215496694706,1.72966575622559,1.56926474755438,959,0,1,959
"95",9.4,24.9924751587073,25.1348524093628,4.25389626640843,15.3057298660278,36.9942283630371,2.21023618059694,1.73056781291962,1.56534641573541,962,0,1,962
"96",9.5,24.9452804464417,25.1298179626465,4.24104792801506,15.3180847167969,36.991886138916,2.20939074015692,1.72970521450043,1.56514358458594,963,0,1,963
"97",9.6,24.9277861599119,25.1181526184082,4.232976506063,15.3239612579346,36.9895439147949,2.20788818201255,1.72968548536301,1.56526263614695,962,0,1,962
"98",9.7,24.8994254827747,25.0846900939941,4.21206740708375,15.3260307312012,36.9872016906738,2.2026746934212,1.72966575622559,1.56227232142257,961,0,1,961
"99",9.8,24.8664310865739,25.0603542327881,4.20255503724823,15.3281002044678,36.9848594665527,2.19419285314247,1.72968548536301,1.54003973354131,962,0,1,962
"100",9.9,24.8408497166311,25.0372123718262,4.20467058762919,15.3301706314087,36.9825172424316,2.18626870176174,1.72966575622559,1.52088246449479,961,0,1,961
"101",10,24.7843982998316,24.9935092926025,4.2377157376092,14.5492906570435,36.9809417724609,2.18478665134899,1.73143041133881,1.50060253771568,967,0,1,967
"102",10.1,24.7256717711502,24.9356126785278,4.2085551598021,14.5627527236938,37.0312156677246,2.1724007539374,1.73056781291962,1.48376706166945,966,0,1,966
"103",10.2,24.6673295300037,24.9074573516846,4.19108801534663,14.5050163269043,36.7382926940918,2.16573982985682,1.72968548536301,1.47724999172823,964,0,1,964
"104",10.3,24.6244190339634,24.8449745178223,4.17239579395924,14.5207548141479,36.792163848877,2.15506868514397,1.72392344474792,1.45744253927027,957,0,1,957
"105",10.4,24.596983406251,24.7963333129883,4.16020105458198,14.5364933013916,36.8460350036621,2.14943223397354,1.7184591293335,1.45724818182604,953,0,1,953
"106",10.5,24.5553342893266,24.7754440307617,4.14522758183534,14.5522317886353,36.8999061584473,2.13479397867309,1.71794605255127,1.42362836042658,953,0,1,953
"107",10.6,24.5380812932162,24.7608165740967,4.14043277355634,14.5679693222046,36.9537773132324,2.13210286135939,1.71794605255127,1.41375724924424,953,0,1,953
"108",10.7,24.5065119146299,24.7139673233032,4.12548765609466,14.5837078094482,37.0076446533203,2.1209913152857,1.71531999111176,1.39137224807521,952,0,1,952
"109",10.8,24.4606176781479,24.6672191619873,4.12564274457799,14.5994462966919,37.0615158081055,2.12224034831852,1.71794605255127,1.3916488942419,951,0,1,951
"110",10.9,24.4372333154348,24.6074466705322,4.12722951867029,14.6151847839355,37.1153869628906,2.12034757640154,1.71269392967224,1.39027171241377,953,0,1,953
"111",11,24.3676750722618,24.5364761352539,4.09760477017317,14.6309232711792,35.9479827880859,2.10616468631131,1.71246445178986,1.36428752687696,951,0,1,951
"112",11.1,24.3400969424831,24.5020561218262,4.0945523119584,14.6466617584229,35.9807510375977,2.09493285103186,1.70924723148346,1.34094981736096,948,0,1,948
"113",11.2,24.2933554634311,24.4211864471436,4.09229695260248,14.6624002456665,36.0135192871094,2.09324493957243,1.71047961711884,1.3387620122477,951,0,1,951
"114",11.3,24.2430323169106,24.3993854522705,4.09203387303251,14.6781387329102,36.0462913513184,2.0867693741698,1.70924723148346,1.31909003263717,950,0,1,950
"115",11.4,24.2190570308738,24.3967781066895,4.09960772669946,14.6938772201538,36.8158569335938,2.08099203315751,1.71047961711884,1.29770631893941,949,0,1,949
"116",11.5,24.1617886275841,24.380744934082,4.07954984352805,14.7096157073975,36.8269729614258,2.06510581680076,1.70668172836304,1.2726047689728,945,0,1,945
"117",11.6,24.1365511432575,24.3607091903687,4.06401937153028,14.7253541946411,36.8380889892578,2.05162353690263,1.70220905542374,1.24467057642235,942,0,1,942
"118",11.7,24.1153647131925,24.3318767547607,4.06341412934726,14.7410926818848,36.8492012023926,2.05228694111077,1.703040599823,1.24491415062843,941,0,1,941
"119",11.8,24.0761099376921,24.3100452423096,4.06915679430348,14.7568311691284,36.8603172302246,2.05596938855567,1.70700550079346,1.24732570326973,944,0,1,944
"120",11.9,24.0400730893569,24.2912769317627,4.05982845084625,14.7725696563721,36.8714294433594,2.04988426203945,1.70668172836304,1.23270672371407,943,0,1,943
"121",12,24.011741680659,24.2609920501709,4.0536879075118,14.7883081436157,36.8825454711914,2.04902771333369,1.70668172836304,1.23232871499891,943,0,1,943
"122",12.1,23.9710930466398,24.2358169555664,4.03617772570973,14.8040466308594,36.8936614990234,2.03214573682244,1.68975651264191,1.21562904225976,938,0,1,938
"123",12.2,23.9446823729409,24.1839246749878,4.03450192268794,14.819785118103,36.9047737121582,2.0238202991776,1.67321527004242,1.21339487198683,936,0,1,936
"124",12.3,23.9064627040888,24.1611804962158,4.02356627863784,14.8355236053467,36.9158897399902,2.00880090825308,1.66327369213104,1.19520347950096,934,0,1,934
"125",12.4,23.8673666824226,24.1021118164062,4.02022573305436,14.8512620925903,36.927001953125,1.99669876557327,1.6407322883606,1.17425728230957,933,0,1,933
"126",12.5,23.8726171982122,24.0964126586914,4.02787323226126,14.867000579834,36.938117980957,1.98857517858282,1.62326502799988,1.17420228111643,933,0,1,933
"127",12.6,23.8622306791021,24.0922317504883,4.04467497022173,13.9399509429932,36.9492340087891,1.98156849025786,1.60793685913086,1.17611351285498,933,0,1,933
"128",12.7,23.8280083884742,24.0722408294678,4.04001261038843,13.9331092834473,36.9603462219238,1.97075879420169,1.59171164035797,1.17662890675081,931,0,1,931
"129",12.8,23.7992568879292,24.0055675506592,4.04477363131496,13.9476737976074,37.3446083068848,1.94847240825665,1.56870460510254,1.14476431340122,928,0,1,928
"130",12.9,23.7892892667664,23.979549407959,4.04573930751947,13.9622373580933,37.339225769043,1.93826249299387,1.56748139858246,1.14925737258922,932,0,1,932
"131",13,23.7501084963481,23.9339351654053,4.03434269083566,13.9768018722534,37.3338470458984,1.91900579820397,1.55307632684708,1.13356348561208,930,0,1,930
"132",13.1,23.7159873690806,23.861421585083,4.03220760666494,13.9913654327393,37.3284683227539,1.91832965425946,1.55170786380768,1.133156271373,927,0,1,927
"133",13.2,23.6639936742648,23.8169422149658,4.00552591509947,14.0059299468994,37.3230857849121,1.90839905463732,1.54878520965576,1.12197187731196,923,0,1,923
"134",13.3,23.6299038543618,23.7899703979492,3.99596360483784,14.0204935073853,37.3177070617676,1.89961198088662,1.54731607437134,1.09920378578382,922,0,1,922
"135",13.4,23.621089610163,23.7692756652832,3.99011455852148,14.0350580215454,37.3123245239258,1.89736428135252,1.54618096351624,1.09767897328356,921,0,1,921
"136",13.5,23.6065328139346,23.7635593414307,3.99091416427145,14.0496215820312,37.3069458007812,1.89967327596573,1.54845118522644,1.09840140382884,919,0,1,919
"137",13.6,23.582943839193,23.7429618835449,3.99251479189714,14.0638446807861,37.3015632629395,1.89952055020411,1.54618096351624,1.10044892600149,915,0,1,915
"138",13.7,23.5487942134633,23.7201118469238,3.99651042416736,14.0762338638306,37.2961845397949,1.90076019360089,1.54731607437134,1.09963167073733,918,0,1,918
"139",13.8,23.5350654608284,23.7031269073486,3.99389378655126,14.088623046875,37.2908058166504,1.90232259041603,1.5486181974411,1.10175216960843,918,0,1,918
"140",13.9,23.5153119835869,23.671350479126,4.00461072973038,14.1010122299194,37.2854232788086,1.90108159148861,1.54878520965576,1.09929005610357,921,0,1,921
"141",14,23.5087699817178,23.6649875640869,3.98381238649881,14.1134014129639,37.2800445556641,1.89053165840972,1.54618096351624,1.08252226368955,915,0,1,915
"142",14.1,23.4637888802422,23.6279487609863,3.97962295113799,14.1257905960083,37.2746620178223,1.88725025039613,1.54731607437134,1.06189425672582,918,0,1,918
"143",14.2,23.4208814365412,23.6031732559204,3.9694920564876,14.1381797790527,37.2692832946777,1.88508562123594,1.5486181974411,1.05121112057712,918,0,1,918
"144",14.3,23.3877613492408,23.5572509765625,3.98471379832729,14.1505689620972,37.4097290039062,1.87685384077536,1.5486181974411,1.02723547027796,916,0,1,916
"145",14.4,23.3702583021472,23.538013458252,3.97439512459902,14.1629590988159,37.3940124511719,1.87549945744625,1.5486181974411,1.02552434625829,916,0,1,916
"146",14.5,23.3399207707037,23.5096836090088,3.95374236338209,14.1753482818604,37.3782997131348,1.86281013063956,1.54731607437134,0.983685788138172,912,0,1,912
"147",14.6,23.3021964138988,23.4819393157959,3.95661290207298,14.1656475067139,37.3625831604004,1.86708649297664,1.54878520965576,0.986572355526493,913,0,1,913
"148",14.7,23.2821426370665,23.4483318328857,3.92864606195628,14.1758623123169,37.3468704223633,1.86478978290778,1.54845118522644,0.986056303678428,911,0,1,911
"149",14.8,23.25662783452,23.4042644500732,3.93206681423856,14.1860761642456,37.3311538696289,1.87343271720878,1.54909998178482,0.993329521131841,916,0,1,916
"150",14.9,23.2361811456722,23.3734397888184,3.9455373451769,14.1962909698486,37.3154411315918,1.86992382443628,1.54909998178482,0.974015316886103,916,0,1,916
"151",15,23.1957396799668,23.3166942596436,3.95112866514902,14.2065057754517,37.2997283935547,1.87827668042767,1.55170786380768,0.979258643565477,923,0,1,923
"152",15.1,23.1613784640606,23.2536392211914,3.95908506767276,14.0278062820435,37.2395324707031,1.87783060823613,1.54954385757446,0.980890815495315,919,0,1,919
"153",15.2,23.1295255264166,23.2341594696045,3.96755519157533,13.8491067886353,37.1793365478516,1.87894430789033,1.54947930574417,0.98234127068443,918,0,1,918
"154",15.3,23.0709603998859,23.1728029251099,3.96077778290805,13.6704072952271,37.119140625,1.87785388106342,1.54909998178482,0.984027465254968,916,0,1,916
"155",15.4,23.0332008234937,23.13401222229,3.97629672187862,13.4917087554932,37.0589485168457,1.87956778277748,1.54941475391388,0.984924681654462,917,0,1,917
"156",15.5,22.9986815939779,23.0688524246216,4.00545837280506,13.313009262085,36.9987525939941,1.88685313702925,1.55307632684708,0.989368187630184,920,0,1,920
"157",15.6,22.9569607703582,23.0167398452759,4.01631319526223,13.1343097686768,36.9385566711426,1.88323358511147,1.55307632684708,0.981307115650193,920,0,1,920
"158",15.7,22.8894682168443,22.9590034484863,4.01240658039004,12.9556102752686,36.878360748291,1.8781624324539,1.55307632684708,0.960949046777221,922,0,1,922
"159",15.8,22.8127270999978,22.8958835601807,3.97856986023929,12.7769107818604,35.2738304138184,1.87704774573397,1.55607426166534,0.958176043186271,927,0,1,927
"160",15.9,22.7632109974993,22.8595933914185,3.9965261840521,11.1735591888428,35.1964721679688,1.87496301962127,1.55646294355392,0.949050144242287,928,0,1,928
"161",16,22.6855715127893,22.7695808410645,4.02735632243085,10.966835975647,36.5692291259766,1.87412330092611,1.5568516254425,0.939422286465925,925,0,1,925
"162",16.1,22.6765573805776,22.7519550323486,4.04251912120904,10.7601127624512,36.4887962341309,1.88161498263221,1.56131529808044,0.961466781562918,928,0,1,928
"163",16.2,22.6167269640671,22.7021160125732,4.06297728883565,10.5533895492554,36.4083633422852,1.88122436449383,1.55646294355392,0.954634038693361,924,0,1,924
"164",16.3,22.5797071343254,22.6765079498291,4.07805408943605,10.3466663360596,36.3279304504395,1.88386628073706,1.5568516254425,0.956262210086634,923,0,1,923
"165",16.4,22.5393472597035,22.6438026428223,4.09470404165995,10.1399431228638,36.2474975585938,1.8849588254398,1.55646294355392,0.956922108663203,922,0,1,922
"166",16.5,22.5073704988475,22.6146621704102,4.12252121828054,9.93321990966797,36.1670608520508,1.89173699828135,1.55646294355392,0.966607248132275,922,0,1,922
"167",16.6,22.445886627437,22.5714130401611,4.11644683081177,9.72649669647217,34.7710800170898,1.89806384016091,1.56577897071838,0.974433082966918,923,0,1,923
"168",16.7,22.3814581853468,22.5351810455322,4.1270032122864,9.51977348327637,34.6675643920898,1.8965679716444,1.56679701805115,0.961481067508417,923,0,1,923
"169",16.8,22.3548494299726,22.4965171813965,4.13662198391306,9.31305027008057,34.5640487670898,1.8972740217898,1.56679701805115,0.961710380247523,923,0,1,923
"170",16.9,22.3153430482616,22.4577922821045,4.14666810941864,9.10632705688477,34.4605293273926,1.89240733547055,1.56628799438477,0.948796850128302,920,0,1,920
"171",17,22.2615102988423,22.4160556793213,4.15693957827514,8.89960384368896,34.3570137023926,1.89074478934609,1.5568516254425,0.947291926122977,917,0,1,917
"172",17.1,22.199201908362,22.3442859649658,4.14814281452367,8.69288063049316,34.2534980773926,1.94980575780117,1.6342887878418,0.935178574768939,914,0,1,914
"173",17.2,22.1655704630049,22.3035011291504,4.13581151831177,8.48615741729736,34.1499786376953,2.00784128858593,1.70107936859131,0.928970891135295,912,0,1,912
"174",17.3,22.0589141154787,22.1676197052002,4.17431490388559,8.26265430450439,34.0464630126953,2.06814811238866,1.76169574260712,0.922600227763184,911,0,1,911
"175",17.4,21.9986680858738,22.0710773468018,4.17265546662223,8.05608558654785,33.9429473876953,2.12349226402712,1.83515727519989,0.910075836192087,910,0,1,910
"176",17.5,21.9352067532655,21.9868125915527,4.16928384678292,7.84951686859131,33.8394317626953,2.1759971026948,1.90005022287369,0.91402950104114,906,0,1,906
"177",17.6,21.8969794324126,21.9007930755615,4.18870968888373,7.64294815063477,33.735912322998,2.22820111640012,1.96474939584732,0.92535790072089,902,0,1,902
"178",17.7,21.8635767213011,21.8859996795654,4.19553648266957,7.43637943267822,33.632396697998,2.28037324165348,2.0397207736969,0.936347928469943,904,0,1,904
"179",17.8,21.8347246330396,21.8382587432861,4.19578738666046,7.22981071472168,33.528881072998,2.33598005019985,2.107874751091,0.970566022394294,904,0,1,904
"180",17.9,21.78271476577,21.7796325683594,4.22766593574926,7.02324199676514,33.4253616333008,2.3918399243065,2.18207788467407,1.00647595000617,905,0,1,905
"181",18,21.729616683531,21.7281913757324,4.24848035884422,6.81667327880859,33.3218460083008,2.44965373576016,2.24863934516907,1.04781299598041,907,0,1,907
"182",18.1,21.6753982133717,21.6736660003662,4.2500841932815,6.61010456085205,33.2183303833008,2.43652861676036,2.24701476097107,1.02272548711972,902,0,1,902
"183",18.2,21.6380624908871,21.6234169006348,4.27210089733992,6.40353584289551,33.1148109436035,2.44070649955008,2.24593734741211,1.03633218741557,900,0,1,900
"184",18.3,21.5942659022678,21.5949535369873,4.27308772808341,6.19696712493896,31.7564220428467,2.43804300335278,2.24524760246277,1.03513799278977,899,0,1,899
"185",18.4,21.546323021474,21.5516815185547,4.29253715100599,5.99039840698242,31.6559715270996,2.43533391880909,2.24524760246277,1.03034440014382,899,0,1,899
"186",18.5,21.477979068905,21.4848041534424,4.29798172592022,5.78382968902588,31.5555210113525,2.42410356636962,2.24461674690247,1.00932858002759,897,0,1,897
"187",18.6,21.4393834855113,21.4171352386475,4.31107328739774,5.57726097106934,31.4550724029541,2.42111826594192,2.23861527442932,1.00861878337709,897,0,1,897
"188",18.7,21.378317025091,21.3508386611938,4.32202124981478,5.37069225311279,31.354621887207,2.42126044378217,2.24161601066589,1.00662859312321,896,0,1,896
"189",18.8,21.3825065990845,21.337215423584,4.29387503791479,5.16412353515625,31.25417137146,2.42155895908629,2.24461674690247,1.00959463135437,893,0,1,893
"190",18.9,21.3269731437932,21.2629508972168,4.30606087653349,4.95755481719971,31.1537227630615,2.4192447608716,2.23861527442932,1.00243283150747,889,0,1,889
"191",19,21.2568389691691,21.2026615142822,4.33509947268883,4.75098609924316,31.0532722473145,2.41766454949384,2.23807048797607,1.00341022414385,883,0,1,883
"192",19.1,21.1572770894785,21.1743078231812,4.44793508133507,1.98628711700439,30.9528217315674,2.4224458731055,2.24161601066589,1.00657556058827,886,0,1,886
"193",19.2,21.0793573461222,21.0970363616943,4.48709877683763,1.75007450580597,30.8523731231689,2.41748101791639,2.24505400657654,0.984191664650545,890,0,1,890
"194",19.3,21.0161355484176,21.0455837249756,4.48112137690115,1.51386201381683,30.7519226074219,2.4071603671119,2.24161601066589,0.958854847237937,888,0,1,888
"195",19.4,21.0139972909596,21.0194988250732,4.48478140637379,1.27764940261841,30.6514720916748,2.41296301901408,2.23861527442932,0.973834136746382,887,0,1,887
"196",19.5,20.9420040936952,20.9703893661499,4.51466116602952,1.04143679141998,30.2168884277344,2.41572499047504,2.24473857879639,0.974505895190602,890,0,1,890
"197",19.6,20.9097687042121,20.9373149871826,4.53042940024187,0.805224299430847,30.1999168395996,2.41600300714491,2.24486041069031,0.973993620308169,891,0,1,891
"198",19.7,20.8112205931541,20.8820648193359,4.52683066132754,0.569011747837067,30.1829452514648,2.40245979634589,2.23861527442932,0.951987966182011,887,0,1,887
"199",19.8,20.7712221092663,20.8389072418213,4.54156424429506,0.332799166440964,30.1659736633301,2.40488979860688,2.24461674690247,0.955077425379997,889,0,1,889
"200",19.9,20.6781323409461,20.7749862670898,4.61606906838571,0.096586599946022,30.1490020751953,2.41018616759363,2.24524760246277,0.956070755576924,893,0,1,893
"201",20,20.58275220297,20.7145690917969,4.64899577678258,-0.13962596654892,30.1320285797119,2.40425662303528,2.24662709236145,0.945534549788775,899,0,1,899
"202",20.1,20.6436313405435,20.7616081237793,4.63586153079535,0.121041938662529,30.1256542205811,2.41053866368704,2.24701476097107,0.95800864692426,902,0,1,902
"203",20.2,20.6690863364961,20.770302772522,4.61307142539636,0.381709843873978,30.1192779541016,2.41384502750846,2.24701476097107,0.963578126775566,904,0,1,904
"204",20.3,20.6681293976754,20.78293800354,4.62225977957604,0.641385018825531,30.0742721557617,2.41040143896939,2.24701476097107,0.952596827786593,906,0,1,906
"205",20.4,20.6998373944854,20.8066329956055,4.5984649858781,0.901196956634521,30.0688533782959,2.41340705023726,2.24806845188141,0.951405580527993,908,0,1,908
"206",20.5,20.7403983308719,20.8341999053955,4.57931562500349,1.15902352333069,30.0634326934814,2.41967790303649,2.24744999408722,0.964542791328349,910,0,1,910
"207",20.6,20.7385024319638,20.7936496734619,4.55955109368225,1.41684997081757,30.0580139160156,2.42122634603427,2.24744999408722,0.966776873984465,910,0,1,910
"208",20.7,20.7482061674941,20.7763814926147,4.51130936339936,1.67467641830444,30.0525951385498,2.40916760436501,2.24505400657654,0.950773295035773,908,0,1,908
"209",20.8,20.7766770274268,20.7979526519775,4.48812425655805,1.93250298500061,30.0471744537354,2.40912728253115,2.24486041069031,0.951270287375155,907,0,1,907
"210",20.9,20.7961318268311,20.782506942749,4.47572950622757,2.19032955169678,30.0417556762695,2.41728889491707,2.24740242958069,0.956824878831848,913,0,1,913
"211",21,20.8077917761563,20.7982330322266,4.4610607898876,2.44815587997437,30.0363368988037,2.4192707132328,2.24744999408722,0.957198775903191,914,0,1,914
"212",21.1,20.8256629067737,20.8189449310303,4.44573465136685,2.70598244667053,29.7208995819092,2.4196071193338,2.24806845188141,0.950301467875167,916,0,1,916
"213",21.2,20.8693870547349,20.8728895187378,4.47013523790213,0.457888633012772,29.717622756958,2.42301279701616,2.2498950958252,0.951601766494925,920,0,1,920
"214",21.3,20.8345832844791,20.8563814163208,4.49460613368987,0.750353336334229,29.7143459320068,2.41884996405114,2.2498950958252,0.941192643056023,920,0,1,920
"215",21.4,20.8407289534807,20.8553428649902,4.47358599407778,1.04281806945801,29.7110691070557,2.41943674677092,2.25378668308258,0.932217220720509,920,0,1,920
"216",21.5,20.8964294841429,20.8975696563721,4.44522314321688,1.33528280258179,29.7077903747559,2.4210692594556,2.25378668308258,0.933929840028127,926,0,1,926
"217",21.6,20.926946392003,20.916693687439,4.4257521786547,1.62774753570557,29.7045135498047,2.42759769022976,2.25567519664764,0.944356861191122,932,0,1,932
"218",21.7,20.9237426731492,20.9308700561523,4.43547706512878,1.92021226882935,29.3951454162598,2.42743834338899,2.25715494155884,0.939367583491651,933,0,1,933
"219",21.8,20.963892289789,20.9662036895752,4.4102295888698,2.21267700195312,29.3943729400635,2.42856432760463,2.25955390930176,0.938310980276574,935,0,1,935
"220",21.9,20.9906908803516,20.9868402481079,4.38094270662969,2.5051417350769,29.3935985565186,2.43209038528367,2.2583544254303,0.944205699027363,936,0,1,936
"221",22,20.9946676807201,20.996075630188,4.37856097709426,2.79760646820068,29.3928241729736,2.43769784373172,2.25978946685791,0.946405182178755,940,0,1,940
"222",22.1,21.0134310052352,20.9927082061768,4.35610496250138,3.09007120132446,29.3920516967773,2.40804453897324,2.21034049987793,0.933668101487678,943,0,1,943
"223",22.2,21.0481807019919,21.0357627868652,4.34702268238203,3.38253593444824,29.3912773132324,2.38718574251016,2.14575600624084,0.940960165496962,947,0,1,947
"224",22.3,21.0686190988238,21.0382747650146,4.31902884579848,3.67500066757202,29.3905029296875,2.36274280106858,2.09663963317871,0.942225341680576,951,0,1,951
"225",22.4,21.1011755632274,21.0654754638672,4.27571672562107,3.96746516227722,29.3897304534912,2.32626573918868,2.03925371170044,0.93369981192836,949,0,1,949
"226",22.5,21.13478945881,21.114182472229,4.24229092002235,4.25993013381958,29.3889560699463,2.29414678097777,1.99330717325211,0.937128652217677,948,0,1,948
"227",22.6,21.1744786234492,21.1583728790283,4.23334031811177,4.55239486694336,29.38818359375,2.27253947365572,1.97092831134796,0.956100652962951,953,0,1,953
"228",22.7,21.2062940412984,21.1715717315674,4.21570550698623,4.84485960006714,29.3874092102051,2.24873108862584,1.94278067350388,0.972578680451063,956,0,1,956
"229",22.8,21.2041494624617,21.1705570220947,4.2160068402979,5.13732433319092,29.3866348266602,2.22231889032645,1.90335500240326,0.987835716992203,957,0,1,957
"230",22.9,21.2288924271093,21.2036485671997,4.20968811893149,5.37637901306152,29.3858623504639,2.18664232120853,1.86728364229202,0.997631884616755,956,0,1,956
"231",23,21.2883437335055,21.2372455596924,4.17892692950374,5.66610193252563,29.39919090271,2.15723919071249,1.84167575836182,1.0200849849592,957,0,1,957
"232",23.1,21.3224197428468,21.2699432373047,4.15058619708263,5.9558253288269,29.1420345306396,2.15499798746875,1.84173011779785,1.00667394698362,959,0,1,959
"233",23.2,21.3574368487829,21.3015956878662,4.13659151646789,6.24554824829102,29.1444988250732,2.1556023517497,1.84173011779785,1.00746546517493,957,0,1,957
"234",23.3,21.3902343681168,21.3241748809814,4.09941963158245,6.53527116775513,29.1469631195068,2.15324612703782,1.84173405170441,1.0042466941917,956,0,1,956
"235",23.4,21.4097207532837,21.3028221130371,4.09779181940738,6.8249945640564,29.1494274139404,2.16349661858843,1.84297251701355,1.01448673942418,961,0,1,961
"236",23.5,21.4489250744383,21.3216323852539,4.05885586281098,7.11471748352051,29.151891708374,2.16862763874233,1.84976249933243,1.01784837211505,960,0,1,960
"237",23.6,21.4830078521784,21.2964477539062,4.01676714046108,7.40444040298462,29.1543560028076,2.16515281923869,1.84530532360077,1.01234747134906,959,0,1,959
"238",23.7,21.5343934950167,21.3492107391357,3.98447438073229,7.69416332244873,29.1568202972412,2.16515281923869,1.84530532360077,1.01234747134906,959,0,1,959
"239",23.8,21.5591956928855,21.3694515228271,3.96233196361729,7.98388671875,29.1592845916748,2.16302541405928,1.84297251701355,1.0083513105921,957,0,1,957
"240",23.9,21.6034372004212,21.3957595825195,3.93541377225249,8.27361011505127,29.1617469787598,2.16486098056777,1.84530532360077,1.00809021591576,961,0,1,961
"241",24,21.6434102309897,21.434627532959,3.92590294906999,8.56333255767822,29.2036666870117,2.17342018698956,1.85520780086517,1.01614978691583,967,0,1,967
"242",24.1,21.6597848553653,21.4613094329834,3.9042338755689,8.85305595397949,29.2072868347168,2.17671244333895,1.85520780086517,1.01822859471256,969,0,1,969
"243",24.2,21.6885195064446,21.4794311523438,3.85883139043932,9.14277935028076,29.2109069824219,2.16967057368132,1.85511088371277,1.00495659501561,967,0,1,967
"244",24.3,21.7129333728601,21.4893922805786,3.83625854670707,9.43250179290771,29.214527130127,2.16738629070195,1.85515934228897,0.999353723586586,968,0,1,968
"245",24.4,21.7357660099512,21.4908885955811,3.83774118567967,8.40727519989014,29.218147277832,2.16960914174185,1.85511088371277,1.00057733261841,973,0,1,973
"246",24.5,21.781190735813,21.5137224197388,3.81227738032442,8.73562431335449,29.2217674255371,2.17017202588266,1.85515934228897,1.00009389603984,972,0,1,972
"247",24.6,21.7750053924702,21.4926748275757,3.80606376967059,9.0515251159668,29.2253875732422,2.17717193015057,1.85712850093842,1.00527795995522,974,0,1,974
"248",24.7,21.803536428724,21.5153303146362,3.77755956566856,9.37869453430176,29.2290077209473,2.18336864953138,1.8659650683403,1.00690692978375,980,0,1,980
"249",24.8,21.8507733874851,21.5423564910889,3.74928200370208,9.70586490631104,29.2326278686523,2.18421983718872,1.86806833744049,1.0067461284598,981,0,1,981
"250",24.9,21.8840653974183,21.5788307189941,3.71572043864374,10.033034324646,29.2362461090088,2.18441214123551,1.8659650683403,1.0086386970706,980,0,1,980
"251",25,21.9109388588644,21.6027336120605,3.69099470785602,10.3602046966553,29.2398662567139,2.18516500086109,1.86806833744049,1.00804459792038,981,0,1,981
"252",25.1,21.867037325549,21.5490884780884,3.70739484621155,10.2883853912354,29.2130031585693,2.17954614191699,1.86201572418213,0.999010377917384,978,0,1,978
"253",25.2,21.8268521782811,21.538330078125,3.74734787338991,10.1225881576538,29.0973567962646,2.18037785525702,1.86201572418213,0.996743918925563,978,0,1,978
"254",25.3,21.7916632546969,21.5076627731323,3.77435860174073,10.0547857284546,29.1157398223877,2.18542667120269,1.87104678153992,1.00000437844536,978,0,1,978
"255",25.4,21.7819438889378,21.5245418548584,3.80632269580164,9.98698329925537,29.1341209411621,2.18519803277049,1.87104678153992,0.998806167794922,976,0,1,976
"256",25.5,21.7303728876729,21.5050659179688,3.83205148320917,9.91918087005615,29.1565933227539,2.18517549578463,1.87402522563934,1.00135564691056,977,0,1,977
"257",25.6,21.6936605079042,21.5051317214966,3.87306591914262,9.85137844085693,29.179594039917,2.18956962739763,1.87590616941452,1.00821907916665,978,0,1,978
"258",25.7,21.6882795096659,21.5117092132568,3.92099016693155,9.78357601165771,29.2025966644287,2.19550834585524,1.87976408004761,1.01261629087787,981,0,1,981
"259",25.8,21.6419728167771,21.5116863250732,3.97162647283583,9.7157735824585,29.2255992889404,2.20275998956661,1.88257479667664,1.0191704890917,985,0,1,985
"260",25.9,21.5787215093311,21.514347076416,4.0370073275883,9.64797115325928,29.2486000061035,2.21387284115994,1.88732171058655,1.02756509928771,991,0,1,991
"261",26,21.5678566011526,21.5194187164307,4.07968477437852,9.58016872406006,29.3452281951904,2.21898407580979,1.9026141166687,1.02807294378498,997,0,1,997
"262",26.1,21.5080571631731,21.5120964050293,4.09999473405448,9.51236629486084,29.2946033477783,2.20989566439938,1.88732171058655,1.02123016629747,991,0,1,991
"263",26.2,21.4535926192698,21.5007524490356,4.14883986340132,9.44456386566162,29.31760597229,2.21715782832618,1.89541864395142,1.02995488769271,990,0,1,990
"264",26.3,21.4412401898895,21.4990158081055,4.18683061343789,9.3767614364624,29.3406085968018,2.21421152419715,1.88732171058655,1.02772645433289,987,0,1,987
"265",26.4,21.4053254204567,21.4985160827637,4.22686143908325,9.30895900726318,29.3636093139648,2.21923492183589,1.89541864395142,1.02906418844117,990,0,1,990
"266",26.5,21.4055427497541,21.5086355209351,4.2702410192549,9.24115657806396,29.3866119384766,2.22230821128342,1.9044674038887,1.02932594601551,994,0,1,994
"267",26.6,21.3766050855279,21.5196971893311,4.30978735937174,9.17335414886475,29.4096145629883,2.22806418970332,1.90632748603821,1.03348583184653,997,0,1,997
"268",26.7,21.3539818964005,21.5292129516602,4.35742367302138,9.10555171966553,29.4326152801514,2.23128410232067,1.91016680002213,1.0348738411376,1000,0,1,1000
"269",26.8,21.3144074797155,21.5264587402344,4.4058247536009,9.03773403167725,29.3914680480957,2.23701290174784,1.91285985708237,1.03742151418528,1004,0,1,1004
"270",26.9,21.2588714348143,21.5238990783691,4.46107029698431,7.84144449234009,29.4098491668701,2.23792504113705,1.91454041004181,1.03716086128727,1005,0,1,1005
"271",27,21.2003312703392,21.5143241882324,4.51531572087062,7.78638982772827,29.4282302856445,2.24443439354242,1.9150088429451,1.04479980653866,1006,0,1,1006
"272",27.1,21.1843261922973,21.5216016769409,4.55295701391826,7.73133516311646,29.4466133117676,2.22133358090047,1.90316641330719,1.04534351180095,1004,0,1,1004
"273",27.2,21.1564828466134,21.5147161483765,4.58984878543987,7.6762809753418,29.464994430542,2.20233394086836,1.90092700719833,1.05438704674465,1004,0,1,1004
"274",27.3,21.1098915538788,21.5151062011719,4.61943979436209,7.62122631072998,29.4833755493164,2.17969920253754,1.89167946577072,1.06026676184446,1000,0,1,1000
"275",27.4,21.0959555995357,21.5140514373779,4.65629419400982,7.56617164611816,29.5017585754395,2.15605819273043,1.87843418121338,1.06988521777612,999,0,1,999
"276",27.5,21.0571622489086,21.5138816833496,4.69940975288442,7.50030660629272,29.5201396942139,2.13618351538577,1.86886119842529,1.08197012261525,995,0,1,995
"277",27.6,20.9782668755862,21.4921245574951,4.77850544594846,7.42657613754272,29.5385227203369,2.12874124821776,1.86625307798386,1.11801842570779,998,0,1,998
"278",27.7,20.9290549530983,21.4658107757568,4.82669869734959,7.37437534332275,29.5569038391113,2.11335191935301,1.87165695428848,1.14267960174472,1000,0,1,1000
"279",27.8,20.8995548153783,21.4559345245361,4.87212623660864,7.32217454910278,29.5752849578857,2.09611988449479,1.87349557876587,1.1713921759418,999,0,1,999
"280",27.9,20.8867120905085,21.4705543518066,4.90097541016117,7.26997375488281,29.5936679840088,2.07603705090445,1.86917793750763,1.19998145059654,999,0,1,999
"281",28,20.8679491301795,21.4758796691895,4.93668745096799,7.21777296066284,29.6120491027832,2.05161436631515,1.86800122261047,1.22475187416764,999,0,1,999
"282",28.1,20.8059384684563,21.4850988388062,4.99223668632054,7.16184377670288,29.5898704528809,2.05262750738859,1.86732590198517,1.22614975994884,1000,0,1,1000
"283",28.2,20.7621352780404,21.4893589019775,5.02239144582099,7.10543346405029,29.6106700897217,2.05127783780122,1.86407053470612,1.22690727459107,995,0,1,995
"284",28.3,20.6596276229751,21.4617042541504,5.10257809489792,7.04902267456055,29.5083503723145,2.06190029413762,1.86996930837631,1.23626798442329,998,0,1,998
"285",28.4,20.6109563052294,21.4476823806763,5.14465634623331,6.99261236190796,29.5235271453857,2.06198398340156,1.86996930837631,1.23791817082899,994,0,1,994
"286",28.5,20.5411124640333,21.3890142440796,5.21676515820825,6.93620204925537,29.5387020111084,2.06597720525547,1.87841832637787,1.23707243599254,998,0,1,998
"287",28.6,20.4889981939986,21.366060256958,5.26724842211163,6.87979125976562,29.5538787841797,2.07279302939042,1.88283228874207,1.23846421501768,999,0,1,999
"288",28.7,20.4460531681,21.3849086761475,5.31106507453543,6.82338094711304,29.569055557251,2.07605555223559,1.88290560245514,1.23974635238023,998,0,1,998
"289",28.8,20.3927594529073,21.2031002044678,5.38658500574558,6.76697063446045,29.5842304229736,2.08391206945522,1.88330554962158,1.24329820365992,1003,0,1,1003
"290",28.9,20.3339941180715,21.0458011627197,5.43845680131284,6.7105598449707,29.5994071960449,2.09298488678985,1.89054000377655,1.25101095704803,1003,0,1,1003
"291",29,20.2877305973087,21.0411376953125,5.4881992111484,6.65414953231812,29.6145839691162,2.09713179146423,1.89054000377655,1.26002219602714,1003,0,1,1003
"292",29.1,20.2340582459273,21.0457468032837,5.52973779876253,6.59773921966553,29.6297588348389,2.09802143796237,1.89171129465103,1.26048825363695,1002,0,1,1002
"293",29.2,20.1759004664564,21.0224809646606,5.5512725291547,6.54132843017578,29.6300067901611,2.09964587173624,1.89171129465103,1.26533888996001,998,0,1,998
"294",29.3,20.1103821654675,21.0161590576172,5.61065202267731,6.48491811752319,29.6478443145752,2.10186546711135,1.8896546959877,1.26825183703565,994,0,1,994
"295",29.4,20.0662215987721,21.0297374725342,5.66041658791455,6.39193439483643,29.471061706543,2.10211161478288,1.88330554962158,1.27126703836454,993,0,1,993
"296",29.5,20.0192053471224,21.0464324951172,5.7199277541856,6.33416795730591,29.485445022583,2.10887236222924,1.8896546959877,1.2789539231995,996,0,1,996
"297",29.6,19.961036322351,21.0706586837769,5.77721125661611,6.27640151977539,29.499828338623,2.11536389631117,1.89171129465103,1.28609869621359,998,0,1,998
"298",29.7,19.9065576053119,21.066930770874,5.82953044182217,6.21863508224487,29.5142116546631,2.12264356688336,1.89550006389618,1.2906778278319,999,0,1,999
"299",29.8,19.8659153852463,21.067608833313,5.88237684969898,6.16086864471436,29.5331420898438,2.12397006219625,1.89557152986526,1.29059260019837,1000,0,1,1000
"300",29.9,19.7816864616242,21.0257892608643,5.95595548861456,6.10310220718384,29.5559673309326,2.14312637237767,1.9004715681076,1.31438212210367,1005,0,1,1005
"301",30,19.7105902338785,20.982442855835,6.02846260856751,6.04533576965332,29.5787925720215,2.1496767603334,1.9019011259079,1.31452807203648,1008,0,1,1008
"302",30.1,19.6764628915673,20.9446229934692,6.02422216986643,6.20221090316772,29.6253051757812,2.15567220664357,1.90386098623276,1.32374073100906,1004,0,1,1004
"303",30.2,19.6668325489605,20.9531908035278,6.04152543496707,5.85552501678467,29.6785278320312,2.15894563469451,1.90652543306351,1.32451613426971,1006,0,1,1006
"304",30.3,19.6424710975057,20.9345188140869,6.07206386481699,6.04122829437256,29.7317523956299,2.16864070624143,1.90937221050262,1.33246536899808,1009,0,1,1009
"305",30.4,19.659864474432,20.9405651092529,6.05921271597276,6.22693157196045,29.7704544067383,2.17166365080817,1.90937221050262,1.33503526258068,1007,0,1,1007
"306",30.5,19.6625420422781,20.7584600448608,6.06496026971101,6.4126353263855,29.6920127868652,2.17634157469821,1.90991425514221,1.33643379170725,1008,0,1,1008
"307",30.6,19.7009678072004,20.5781841278076,6.05579180795068,6.59833860397339,29.7503910064697,2.17515059739203,1.90762913227081,1.33815693817997,1005,0,1,1005
"308",30.7,19.704107948341,20.5643119812012,6.06006443518505,6.78404235839844,29.8162937164307,2.18517270737355,1.91096663475037,1.34208812447131,1010,0,1,1010
"309",30.8,19.7169407386591,20.5447816848755,6.06525568507822,6.96974563598633,29.8821964263916,2.1864468700815,1.91238087415695,1.3428735084356,1010,0,1,1010
"310",30.9,19.756648927338,20.553448677063,6.06199697717428,7.15544891357422,29.9480991363525,2.19127759054715,1.91361737251282,1.34611204990243,1012,0,1,1012
"311",31,19.7627500801838,20.544864654541,6.0707931329629,7.34115266799927,30.0140018463135,2.20435641610564,1.91484701633453,1.35926401574811,1015,0,1,1015
"312",31.1,19.7483508474023,20.4922342300415,6.07526708038915,7.52685594558716,30.0799045562744,2.21733891199797,1.91974794864655,1.36474227411996,1014,0,1,1014
"313",31.2,19.7268039176713,20.421516418457,6.06159757169818,7.71255970001221,30.1275730133057,2.22045489448813,1.91839599609375,1.36847190432525,1005,0,1,1005
"314",31.3,19.7502033593771,20.4151782989502,6.0611461442722,7.8982629776001,30.2105274200439,2.22210267594049,1.91839599609375,1.37018748710499,1001,0,1,1001
"315",31.4,19.7844530519072,20.3872184753418,6.05908101681967,8.07037353515625,30.2934799194336,2.22496689092387,1.91839599609375,1.37092096983634,1001,0,1,1001
"316",31.5,19.7976093779097,20.3657188415527,6.04132944504745,8.25767803192139,30.3808269500732,2.22810021379927,1.91963410377502,1.37321990840722,999,0,1,999
"317",31.6,19.8282028792616,20.353141784668,6.03481031494024,8.43417739868164,30.4791622161865,2.23074192214824,1.91901504993439,1.37410060436596,998,0,1,998
"318",31.7,19.8316342153903,20.3409843444824,6.02757029078598,8.48755264282227,30.5774955749512,2.23812583671769,1.91963410377502,1.38138515179255,997,0,1,997
"319",31.8,19.8619332485199,20.3087062835693,6.02939154196876,8.54092788696289,30.6758308410645,2.24542120289803,1.92129772901535,1.3865655658668,1000,0,1,1000
"320",31.9,19.8635794966371,20.2934169769287,6.0374166665509,8.59430313110352,30.7741661071777,2.25435548014455,1.92546033859253,1.3916680975211,1001,0,1,1001
"321",32,19.8428887036032,20.2254409790039,6.04873233958648,8.64767837524414,30.872501373291,2.26455320985969,1.93031650781631,1.39445644850512,1002,0,1,1002
"322",32.1,19.8541704883575,20.1924772262573,6.04430378099028,8.70105361938477,30.9708366394043,2.28514800900221,1.98082327842712,1.38461148290015,1000,0,1,1000
"323",32.2,19.8971892510568,20.1691188812256,6.04148100583532,8.75442886352539,31.0691719055176,2.30498116922092,2.04106450080872,1.38342861519266,999,0,1,999
"324",32.3,19.8766831031654,20.0102558135986,6.02897193185902,8.8078031539917,31.1737651824951,2.33091879399155,2.08149433135986,1.38797858094255,997,0,1,997
"325",32.4,19.8969426744547,19.9678802490234,6.01287409420117,8.86117839813232,31.2825469970703,2.34777757714142,2.1079432964325,1.38762766504998,995,0,1,995
"326",32.5,19.936802818022,19.9163789749146,6.00380932633683,8.91455364227295,31.3913288116455,2.36936967251766,2.15342926979065,1.39219178977191,994,0,1,994
"327",32.6,19.9806946873425,19.9286890029907,6.00433800682962,8.96792888641357,31.5001106262207,2.38626475197449,2.17094087600708,1.39441471143974,994,0,1,994
"328",32.7,20.0101595599242,19.8922452926636,5.99233889206442,9.0213041305542,31.6088924407959,2.40510948974677,2.18749189376831,1.3982857110161,990,0,1,990
"329",32.8,20.0382378487452,19.8864135742188,5.98481868849324,9.07445812225342,31.7176742553711,2.42554303460758,2.22582471370697,1.40415734894425,988,0,1,988
"330",32.9,19.9968860510624,19.8135433197021,5.97299465837784,9.09905052185059,31.8264560699463,2.4611279229022,2.27845168113708,1.42727852691259,987,3,0.996969696969697,990
"331",33,20.0519311695118,19.8158435821533,5.97600157238349,9.12364387512207,31.9352378845215,2.47760985122559,2.29841756820679,1.43735146914131,984,7,0.992936427850656,991
"332",33.1,20.0537573306667,19.7020540237427,5.95303157561873,9.14823627471924,32.0440216064453,2.48741380598864,2.30369281768799,1.4463765892063,981,7,0.992914979757085,988
"333",33.2,20.0809495458758,19.692590713501,5.93245197805395,9.17282867431641,32.0732383728027,2.48800755982719,2.30369281768799,1.44794917544201,977,7,0.992886178861789,984
"334",33.3,20.1153261458002,19.6996755599976,5.92555825883605,9.19742107391357,32.1871070861816,2.49221168210109,2.30369281768799,1.45367690783119,977,7,0.992886178861789,984
"335",33.4,20.1420211490627,19.6619453430176,5.91857816204791,9.22201442718506,32.3009757995605,2.49438478822737,2.30369591712952,1.45488024437446,974,7,0.992864424057085,981
"336",33.5,20.1836825699039,19.6556406021118,5.9258790503818,9.24660682678223,32.4148445129395,2.49725998807585,2.30790233612061,1.45372691954121,975,7,0.992871690427699,982
"337",33.6,20.2098135130746,19.6312789916992,5.91825034086866,9.27119922637939,32.5287132263184,2.50248002257882,2.31362903118134,1.45343303567585,973,7,0.992857142857143,980
"338",33.7,20.2391504279911,19.6297035217285,5.89832683234414,9.29579162597656,32.6425819396973,2.5033928412742,2.31660437583923,1.45307424724551,970,7,0.992835209825998,977
"339",33.8,20.2384005660149,19.5358991622925,5.8840590944068,9.32038497924805,32.7564506530762,2.51137738079751,2.3280907869339,1.45962562686655,967,7,0.992813141683778,974
"340",33.9,20.2689409978314,19.5181274414062,5.88445711962171,9.34497737884521,32.8703155517578,2.52434556504965,2.33396100997925,1.47044763643008,970,7,0.992835209825998,977
"341",34,20.3040758713176,19.5011692047119,5.87666678341209,9.36956977844238,32.9841842651367,2.52400286120476,2.33396100997925,1.47268518649634,966,7,0.992805755395683,973
"342",34.1,20.34924627012,19.4878063201904,5.88041633310597,9.39416217803955,33.0980529785156,2.5257002561825,2.33396100997925,1.47348385243354,966,7,0.992805755395683,973
"343",34.2,20.3967452891309,19.448037147522,5.88635706530689,9.41875457763672,33.2119216918945,2.52771106013527,2.33607172966003,1.47291380319872,967,7,0.992813141683778,974
"344",34.3,20.4610372537472,19.4582719802856,5.89237978486746,9.4433479309082,33.3257904052734,2.52801098760034,2.33607172966003,1.47293867499231,969,7,0.992827868852459,976
"345",34.4,20.4830728752168,19.4626245498657,5.8694638926103,9.46794033050537,33.4396591186523,2.53294166353449,2.33961999416351,1.48022636202924,967,7,0.992813141683778,974
"346",34.5,20.5125687222603,19.4562740325928,5.87602348705115,9.49253273010254,33.5535278320312,2.53878403578049,2.34651112556458,1.48594032079369,968,7,0.992820512820513,975
"347",34.6,20.5410620885593,19.4397850036621,5.8528248536233,9.51712512969971,33.6673965454102,2.54347956302588,2.34651112556458,1.49345302551432,970,7,0.992835209825998,977
"348",34.7,20.5542085653434,19.3219385147095,5.82558624684884,9.54171848297119,33.7779808044434,2.55440688541574,2.35614430904388,1.50032470828492,971,7,0.992842535787321,978
"349",34.8,20.6126079481396,19.3588600158691,5.83106446855778,9.56631088256836,33.8969688415527,2.55595869751337,2.36082291603088,1.49915572761165,972,7,0.992849846782431,979
"350",34.9,20.6489177119222,19.2639446258545,5.8177245055096,9.59090328216553,34.0159568786621,2.5655987777438,2.36572062969208,1.50495186780972,975,7,0.992871690427699,982
"351",35,20.6835165866135,19.2213897705078,5.80801201815462,9.6154956817627,34.1349449157715,2.57052001953125,2.37018060684204,1.50592934462506,978,7,0.992893401015228,985
"352",35.1,20.6375691099215,19.22705078125,5.80368314538738,9.63521003723145,34.0319213867188,2.57423264786677,2.37728452682495,1.50644333320156,978,7,0.992893401015228,985
"353",35.2,20.5554370424612,19.0722427368164,5.78683511906444,9.6549243927002,33.928897857666,2.59084004327291,2.40476441383362,1.51428873243042,977,7,0.992886178861789,984
"354",35.3,20.4935963654881,19.0267200469971,5.77274401909486,9.67463970184326,33.8258743286133,2.59803557650087,2.41714096069336,1.51798222329183,978,7,0.992893401015228,985
"355",35.4,20.4285667661483,18.9931163787842,5.74583106162745,9.69435405731201,33.7228507995605,2.60175439524772,2.41848206520081,1.51736753907194,978,7,0.992893401015228,985
"356",35.5,20.400944092068,19.0274276733398,5.74246716280962,9.71406841278076,33.6198272705078,2.60175439524772,2.41848206520081,1.51736753907194,978,7,0.992893401015228,985
"357",35.6,20.3549714754468,19.0274410247803,5.73221771815511,9.73378276824951,33.5168037414551,2.60757944060241,2.42297303676605,1.52020137123478,981,7,0.992914979757085,988
"358",35.7,20.2989370197269,19.0530433654785,5.72506074211582,9.75349712371826,33.4137802124023,2.61177413520359,2.42459225654602,1.52126647735288,980,7,0.99290780141844,987
"359",35.8,20.267791101014,19.0380744934082,5.73243866670616,9.77321147918701,33.3107566833496,2.61535206126733,2.42860722541809,1.52384866288518,982,7,0.992922143579373,989
"360",35.9,20.1970974254993,19.001914024353,5.71989758546045,9.79292583465576,33.2077331542969,2.63453109514329,2.4476546049118,1.53591879402353,985,7,0.992943548387097,992
"361",36,20.1067977991971,19.0189456939697,5.68712292424898,9.81264019012451,32.9328269958496,2.63696526349193,2.45541560649872,1.537513763645,983,7,0.992929292929293,990
"362",36.1,20.0236831259509,18.9544925689697,5.67212668170401,9.83235454559326,32.6663131713867,2.64245737005226,2.47115731239319,1.53850853070925,976,7,0.992878942014242,983
"363",36.2,19.942707469512,18.845329284668,5.65899320570874,9.85206890106201,32.5716819763184,2.65080755559766,2.50059866905212,1.54379628694685,973,7,0.992857142857143,980
"364",36.3,19.8778775584941,18.7932929992676,5.65393783720847,9.87178325653076,32.4326095581055,2.65964033141428,2.50628566741943,1.54921311052719,973,7,0.992857142857143,980
"365",36.4,19.8445402229161,18.8125057220459,5.66069093726904,9.89149761199951,32.3319206237793,2.66163404372666,2.5082585811615,1.54874155359707,972,7,0.992849846782431,979
"366",36.5,19.7774938946493,18.7693042755127,5.65563706159757,9.91121292114258,32.2312278747559,2.67271708045059,2.51910495758057,1.55237078133727,970,7,0.992835209825998,977
"367",36.6,19.710718276195,18.7409210205078,5.65509138319697,9.93092727661133,32.1305389404297,2.68046267845692,2.52047276496887,1.55935846831569,968,7,0.992820512820513,975
"368",36.7,19.6522133683962,18.7429056167603,5.65311080844142,9.95064163208008,32.0298500061035,2.68326259750888,2.52782166004181,1.5572589635572,965,7,0.992798353909465,972
"369",36.8,19.5619714770297,18.7194929122925,5.65246438623614,9.97035598754883,31.9291572570801,2.69722604224221,2.54502034187317,1.56131794910002,965,7,0.992798353909465,972
"370",36.9,19.4799290231558,18.676399230957,5.64521123466957,9.99007034301758,31.8284664154053,2.70932760733825,2.55598092079163,1.56258877605016,968,7,0.992820512820513,975
"371",37,19.4292465777275,18.689769744873,5.65018942269243,10.0097846984863,31.7277774810791,2.7156042441955,2.55598092079163,1.5702869384205,968,7,0.992820512820513,975
"372",37.1,19.3742771724595,18.67214012146,5.68437344460168,10.0195264816284,31.6270866394043,2.7430194228308,2.62574124336243,1.57363357672656,972,5,0.994882292732856,977
"373",37.2,19.3237255998375,18.6937274932861,5.68634600460323,10.008602142334,31.4046764373779,2.76819146103478,2.67846512794495,1.58173196767767,974,3,0.996929375639713,977
"374",37.3,19.2058311585773,18.6263761520386,5.66814119670963,9.99767780303955,31.1906986236572,2.80684448004503,2.74763834476471,1.59619622121245,973,1,0.998973305954825,974
"375",37.4,19.1347965536785,18.5693292617798,5.66260735891866,9.98675346374512,30.9268112182617,2.83842325937233,2.79713606834412,1.60799496384033,971,1,0.998971193415638,972
"376",37.5,19.0393649962704,18.4968109130859,5.66330628534828,9.975830078125,30.8305473327637,2.86896390961521,2.85778295993805,1.62046391510647,972,0,1,972
"377",37.6,18.9272621019248,18.3682823181152,5.6602758838023,9.96490573883057,30.7342834472656,2.90531235043224,2.8990330696106,1.63990221785194,971,0,1,971
"378",37.7,18.8629012673755,18.3520183563232,5.66880386004818,9.95398139953613,30.6380176544189,2.93395245382783,2.94453239440918,1.65613059907661,967,2,0.997936016511868,969
"379",37.8,18.7764700657295,18.2241230010986,5.70181021640825,9.87654685974121,30.5417537689209,2.96637910776001,2.97581481933594,1.67913881517808,970,3,0.996916752312436,973
"380",37.9,18.6967175320833,18.2095251083374,5.72548727169798,9.65885734558105,30.4454898834229,2.99408784425921,3.01957869529724,1.69936956081867,969,3,0.996913580246914,972
"381",38,18.6307910964369,18.1499080657959,5.75067472510077,9.44116687774658,30.3492240905762,3.01862556623136,3.07281994819641,1.72249309020429,962,9,0.990731204943357,971
"382",38.1,18.5847079663026,18.0954513549805,5.77250447248276,9.22347736358643,30.2529602050781,3.02496068205696,3.07508659362793,1.72987691236137,962,9,0.990731204943357,971
"383",38.2,18.5449644355343,18.078311920166,5.80215578726595,9.00578784942627,30.1566963195801,3.02821317057815,3.07508659362793,1.73327155369616,964,9,0.990750256937307,973
"384",38.3,18.4806201704277,18.0689115524292,5.81576716630322,8.7351770401001,30.0604305267334,3.03240192401385,3.07986176013947,1.73433065267981,959,9,0.990702479338843,968
"385",38.4,18.4180329101515,18.0123996734619,5.82923110876282,8.57040786743164,29.9641666412354,3.0383657620489,3.08371257781982,1.73621883886888,952,9,0.990634755463059,961
"386",38.5,18.3557194132004,17.9981632232666,5.85189447017936,8.35271739959717,29.8679027557373,3.04007262342665,3.08571791648865,1.73534094373118,950,9,0.990615224191867,959
"387",38.6,18.2449210079145,17.9784049987793,5.83963337017613,8.13502788543701,29.7389488220215,3.04398481903216,3.08647346496582,1.73554223315365,948,8,0.99163179916318,956
"388",38.7,18.150217918384,17.9402179718018,5.85890745234738,7.9173378944397,29.4214839935303,3.05602145732888,3.0912721157074,1.7399675516961,945,8,0.991605456453305,953
"389",38.8,18.067049488755,17.9016647338867,5.87841885153708,7.69964790344238,29.2395401000977,3.06890695665357,3.10419726371765,1.74727353901803,941,8,0.991570073761855,949
"390",38.9,17.9982471723405,17.7739753723145,5.90994490935761,7.48195791244507,29.1470355987549,3.07334832817158,3.10491871833801,1.74782379561974,937,8,0.991534391534391,945
"391",39,17.9176913654993,17.6157302856445,5.94429658057545,7.26426792144775,29.0545291900635,3.08261834578539,3.10964035987854,1.75117928353395,937,8,0.991534391534391,945
"392",39.1,17.8733119994843,17.6145105361938,5.98645964844057,7.04657793045044,28.9620246887207,3.07732544489693,3.10866153240204,1.74685553069418,938,8,0.99154334038055,946
"393",39.2,17.8038039020958,17.5215940475464,6.01756005149208,6.82888793945312,28.8772773742676,3.08014479455938,3.11241221427917,1.74515485083157,938,8,0.99154334038055,946
"394",39.3,17.7488128124346,17.4862270355225,6.04159236322431,6.61119794845581,28.8187026977539,3.08174705398372,3.113694190979,1.74356058875825,939,8,0.991552270327349,947
"395",39.4,17.6878331157254,17.4515399932861,6.08014049459333,6.3935079574585,28.7601261138916,3.08358546780585,3.11424851417542,1.74017539992082,941,8,0.991570073761855,949
"396",39.5,17.6031325868091,17.418041229248,6.12831754470685,6.17581844329834,28.7015495300293,3.08697664962625,3.11929261684418,1.73724179199869,946,8,0.991614255765199,954
"397",39.6,17.5418500840477,17.4176692962646,6.17673886658543,5.95812845230103,28.642972946167,3.08502613140373,3.11424851417542,1.73578688663542,949,8,0.991640543364681,957
"398",39.7,17.4847859136776,17.3931932449341,6.22098500347701,5.74043846130371,28.5843963623047,3.08311756906291,3.11241221427917,1.73266057132918,954,8,0.991683991683992,962
"399",39.8,17.4208074113041,17.3820896148682,6.2769430612394,5.5227484703064,28.5258197784424,3.08323530294578,3.11113023757935,1.73064319801044,961,8,0.991744066047472,969
"400",39.9,17.3521799598773,17.3505764007568,6.31875331291565,5.30505847930908,28.4672451019287,3.08712430000305,3.11397135257721,1.72923224425087,962,8,0.991752577319588,970
"401",40,17.2570376647405,17.293116569519,6.35372353050078,5.08736848831177,28.4044036865234,3.08548062701117,3.11929261684418,1.71859743173566,960,8,0.991735537190083,968
"402",40.1,17.2315948627066,17.2699775695801,6.31343361825994,5.27213907241821,28.3672580718994,3.08862466062924,3.11921000480652,1.71696466786901,961,8,0.991744066047472,969
"403",40.2,17.2048041157293,17.2495765686035,6.26740035174384,5.4569091796875,28.330114364624,3.0939158657036,3.11937522888184,1.71478567835749,960,7,0.992761116856256,967
"404",40.3,17.1566108609728,17.2331981658936,6.21870319068512,5.64167976379395,28.2788562774658,3.1024422868237,3.12690615653992,1.71175367826772,959,6,0.993782383419689,965
"405",40.4,17.1423048334992,17.2137212753296,6.17916582129158,5.82645034790039,28.2384300231934,3.10187397510803,3.12527775764465,1.71257417770377,958,6,0.993775933609959,964
"406",40.5,17.1062205863123,17.1751480102539,6.14561083490863,6.01122093200684,28.1980018615723,3.10600150613587,3.13962054252625,1.71110845664397,960,5,0.994818652849741,965
"407",40.6,17.0202763058315,17.025691986084,6.11219298284449,6.06341457366943,28.1575756072998,3.11856048445093,3.14383578300476,1.70352539775181,958,5,0.994807892004154,963
"408",40.7,17.0022883543963,16.920467376709,6.07585655684202,6.24254417419434,28.1171474456787,3.11805500636343,3.14383578300476,1.70343384119256,958,5,0.994807892004154,963
"409",40.8,16.9747627434834,16.8762626647949,6.0382505564948,6.42167329788208,28.0819473266602,3.11840625527973,3.14108276367188,1.70042673719543,962,5,0.99482936918304,967
"410",40.9,16.9457244848468,16.7932224273682,6.00300597102836,6.60080242156982,28.0751514434814,3.11933245775626,3.14575028419495,1.69789040690505,965,5,0.994845360824742,970
"411",41,16.935063289367,16.7580394744873,5.95849558829418,6.77993154525757,28.0586318969727,3.12028658543665,3.14575028419495,1.69671335758487,965,5,0.994845360824742,970
"412",41.1,16.9084991762779,16.6481323242188,5.91297582619207,6.95906114578247,28.0510482788086,3.11937101840233,3.14766478538513,1.69408983289334,962,5,0.99482936918304,967
"413",41.2,16.8751524981739,16.5418386459351,5.85207282527687,7.13819026947021,28.0434646606445,3.12052412643998,3.14939212799072,1.69083457968011,957,5,0.994802494802495,962
"414",41.3,16.8110777892827,16.4028549194336,5.78721355524476,7.31731939315796,28.0358791351318,3.13615885355108,3.15987682342529,1.68446781388993,953,3,0.996861924686193,956
"415",41.4,16.7789145681816,16.3194541931152,5.74063839531676,7.4964485168457,28.0282955169678,3.14292184544135,3.16061162948608,1.68273453084097,950,3,0.996852046169989,953
"416",41.5,16.7297004223373,16.2156200408936,5.68606867936095,7.60634756088257,27.9942474365234,3.14431165827491,3.16421031951904,1.67705327177379,944,3,0.996832101372756,947
"417",41.6,16.7183944101687,16.1553001403809,5.63608045608806,7.69611501693726,27.7055263519287,3.14457962408898,3.16421031951904,1.67878330089517,942,3,0.996825396825397,945
"418",41.7,16.680369410039,16.0945835113525,5.58533358053552,7.78588199615479,27.6971645355225,3.15423422865174,3.17349517345428,1.67493447325842,939,3,0.996815286624204,942
"419",41.8,16.6612787307512,16.104248046875,5.5385531852706,7.73479652404785,27.6895885467529,3.15556001527023,3.17722249031067,1.6753305462553,938,3,0.996811902231668,941
"420",41.9,16.6450150241243,16.0743579864502,5.49677982106601,7.6624608039856,27.6820106506348,3.15839612097182,3.17738783359528,1.67396072675134,938,2,0.997872340425532,940
"421",42,16.6268268600423,16.0382051467896,5.45266914850858,7.5901255607605,27.6744346618652,3.16167312537102,3.17931962013245,1.67176540252419,938,2,0.997872340425532,940
"422",42.1,16.5812647345232,15.9847612380981,5.40069929674366,7.51778984069824,27.6668586730957,3.18563475557827,3.21154522895813,1.63954317145286,935,0,1,935
"423",42.2,16.5651453452049,15.9448070526123,5.36397099262209,7.44545459747314,27.6592807769775,3.20120458842091,3.22104072570801,1.60617321537477,932,0,1,932
"424",42.3,16.5327083882269,15.9167623519897,5.31715863592584,7.37311887741089,27.651704788208,3.22617993717943,3.23592734336853,1.57475400517801,929,0,1,929
"425",42.4,16.4831430062183,15.8312559127808,5.26242796925638,7.30078363418579,27.6441287994385,3.24842013233015,3.24095940589905,1.54273688022984,923,0,1,923
"426",42.5,16.4528674882818,15.7614049911499,5.21579280383009,7.22844791412354,27.6365509033203,3.26889140978294,3.240358710289,1.51722724284931,922,0,1,922
"427",42.6,16.409648508288,15.7161393165588,5.15965786625487,7.15611267089844,27.6289749145508,3.29421660174212,3.253382563591,1.49259260321916,918,0,1,918
"428",42.7,16.3845214075164,15.6843328475952,5.10150385011048,7.08377695083618,27.6213970184326,3.31296616341723,3.25741064548492,1.47036486045062,912,0,1,912
"429",42.8,16.3431476927014,15.6130695343018,5.05024527605115,7.01144170761108,27.6138210296631,3.33740364770007,3.24755311012268,1.45169057699646,908,0,1,908
"430",42.9,16.3322332289572,15.5838003158569,5.01143102082442,6.93910598754883,27.6062450408936,3.35115421726214,3.25191342830658,1.43138433418068,906,0,1,906
"431",43,16.2808097480537,15.5181093215942,4.95313091097649,6.86677074432373,27.5986671447754,3.37718625669342,3.26357674598694,1.41716138253411,901,0,1,901
"432",43.1,16.2720642626153,15.4987568855286,4.91477434607195,6.79443502426147,27.5910911560059,3.37587346372201,3.26472854614258,1.41270137891757,898,0,1,898
"433",43.2,16.2201621470896,15.4425601959229,4.8647868195467,6.72209978103638,27.5835132598877,3.38150037927125,3.26659560203552,1.40595307198097,891,0,1,891
"434",43.3,16.1918515165647,15.4103446006775,4.82269896816459,6.64976406097412,27.5759372711182,3.38622110021544,3.27219569683075,1.40510282803648,888,0,1,888
"435",43.4,16.1567222311486,15.3721165657043,4.77834052417014,6.57742834091187,27.5683612823486,3.39226542190729,3.27345788478851,1.40390405621151,884,0,1,884
"436",43.5,16.1372560881053,15.3376426696777,4.73177800595717,6.50509309768677,27.5607833862305,3.39651137245364,3.27427005767822,1.40333710120529,881,0,1,881
"437",43.6,16.0909971662852,15.2910332679749,4.68230718236945,6.43275737762451,27.5532073974609,3.40646552685733,3.27879893779755,1.40091830301243,876,0,1,876
"438",43.7,16.077934968649,15.2545166015625,4.64721866500283,6.36042213439941,27.5456295013428,3.40955023981315,3.28165555000305,1.40183470392849,873,0,1,873
"439",43.8,16.052242895492,15.2180185317993,4.60247146664662,6.28808641433716,27.5380535125732,3.41424109084461,3.28281307220459,1.39997047839458,871,0,1,871
"440",43.9,16.0127374329325,15.1647181510925,4.54703929856948,6.21575117111206,27.5304775238037,3.42194553660358,3.2919694185257,1.39640765230319,868,0,1,868
"441",44,15.9781007959887,15.1334447860718,4.48271410614042,6.1434154510498,27.5228996276855,3.4299580252005,3.29707336425781,1.39350722136976,864,0,1,864
"442",44.1,15.9715701187098,15.1072559356689,4.45110680674826,6.07108020782471,27.515323638916,3.4299580252005,3.29707336425781,1.39350722136976,864,0,1,864
"443",44.2,15.959987770779,15.0816097259521,4.41996290679693,5.99874448776245,27.5077457427979,3.43006757305782,3.2953782081604,1.39431156343307,863,0,1,863
"444",44.3,15.9714584996303,15.0658798217773,4.40644353584148,5.92640924453735,27.5001697540283,3.42446713632456,3.2919694185257,1.39630103482011,864,0,1,864
"445",44.4,15.9449877975446,15.0065927505493,4.37847037268205,5.8540735244751,27.4925937652588,3.42363302146687,3.29349708557129,1.3932602314059,867,0,1,867
"446",44.5,15.9611991146289,14.9798226356506,4.38156944776161,5.78173828125,27.4850158691406,3.41497679013725,3.28464317321777,1.39532881474762,872,0,1,872
"447",44.6,15.9504633731798,14.936984539032,4.34698500760908,5.70940256118774,27.4774398803711,3.41675761601794,3.28464317321777,1.39402285694197,872,0,1,872
"448",44.7,15.9557769060954,14.9453639984131,4.32876242440934,5.63706731796265,27.4698638916016,3.41429713897552,3.28281307220459,1.3951187286097,873,0,1,873
"449",44.8,15.9402748372155,14.9297513961792,4.30177819009438,5.56473159790039,27.4622859954834,3.41089749377021,3.27594232559204,1.39302288349318,877,0,1,877
"450",44.9,15.955017424552,14.9509410858154,4.29145830475355,5.49239635467529,27.4547100067139,3.40560593038153,3.27467131614685,1.39584629899754,879,0,1,879
"451",45,15.9544995212663,14.9219665527344,4.26860507685548,5.42006063461304,27.4471321105957,3.4025551417629,3.27427005767822,1.39620417425345,881,0,1,881
